parameter,F,df1,df2,p,eta_p2
kappa,18.274756658123,2,74,3.54789481571416e-07,0.330616682243456
dprime,3.60358413992845,2,74,0.032105693823414,0.088750395223972
