parameter,F,df1,df2,p,eta_p2
kappa,4.29771645984233,35,NaN,0.000130857617844704,NaN
dprime,-3.5333852908427,35,NaN,0.00117477028776936,NaN
